id,text
1,The new AI model is revolutionary, it will change everything.
2,I'm scared of what this AI model means for artists and creatives.
3,This new AI is just a tool, like a paintbrush. Artists will learn to use it.
4,Revolutionary technology always creates fear, but it's ultimately about progress.
5,I don't trust the corporations behind this AI. They only care about profit.
6,The new model is just so creative! I generated a poem and it was beautiful.
7,This technology is a Pandora's Box. We can't go back.
8,I'm worried about my job. This AI can do what I do, but faster.
9,My job is safe, this thing is a toy. It makes a lot of mistakes.
10,The profit motive will always corrupt pure creation.
11,I'm just excited to see what beautiful art people make with this.
12,I'm scared of the bias in these models. It's a real danger.
13,This AI is a tool for progress, and progress is always scary at first.
14,What about the environmental cost? These models use so much energy.
15,The environmental cost is a small price to pay for this leap in progress.